topology,composite_mean,composite_std,coherence_mean,traceability_mean,robustness_mean,governance_weighted_mean,n_runs
phi_pentagon,0.681217,0.050123,0.678812,0.743873,0.686027,0.701456,630
k5_full,0.596989,0.052847,0.594201,0.638451,0.598012,0.613784,630
ring,0.586160,0.051934,0.583722,0.640124,0.590012,0.605218,630
star,0.482559,0.061203,0.480103,0.527234,0.424892,0.477123,630
